n_bands,best_k,mean_top10_anova_block,mean_top10_anova_period,periodicity_strength,p_block,p_period,p_periodicity,n_perm
25,4.000000000000e+00,5.410738464408e+00,1.582415625914e+01,2.172617729913e+07,4.975124378109e-03,4.975124378109e-03,1.592039800995e-01,200
30,3.000000000000e+00,6.696837062995e+00,1.847671029388e+01,2.542185561416e+07,4.975124378109e-03,4.975124378109e-03,1.691542288557e-01,200
32,3.000000000000e+00,6.406603772441e+00,1.989496036489e+01,1.628743291805e+07,4.975124378109e-03,4.975124378109e-03,1.890547263682e-01,200
36,3.000000000000e+00,6.667255131919e+00,2.698705999858e+01,1.384148546473e+07,4.975124378109e-03,4.975124378109e-03,1.990049751244e-01,200
37,3.000000000000e+00,6.677231024753e+00,2.736796584695e+01,1.348180792927e+07,4.975124378109e-03,4.975124378109e-03,2.089552238806e-01,200
38,3.000000000000e+00,6.790695099463e+00,2.213332720681e+01,1.635281753800e+07,4.975124378109e-03,4.975124378109e-03,1.243781094527e-01,200
40,3.000000000000e+00,6.164788082349e+00,2.192009226029e+01,1.224950509886e+07,4.975124378109e-03,4.975124378109e-03,2.885572139303e-01,200
50,3.000000000000e+00,7.121514350730e+00,2.396431413682e+01,9.384408886957e+06,4.975124378109e-03,4.975124378109e-03,1.044776119403e-01,200
64,4.600000000000e+01,6.821107165659e+00,2.635156605107e+01,6.345749733310e+06,4.975124378109e-03,4.975124378109e-03,1.840796019900e-01,200
