mode,n_valid,spearman_rho,spearman_p,theil_sen_slope,theil_sen_intercept,perm_p_empirical
physchem,118,0.1270736895944273,0.17029858165770684,3.3007830958678173,11739.148826002349,0.1794102948525737
spectroscopy,0,,,,,
all,118,0.1270736895944273,0.17029858165770684,3.3007830958678173,11739.148826002349,0.1794102948525737
