fold,n_test,mean_top10_anova_block,mean_top10_anova_period
1,2.200000000000e+01,4.300537936810e+00,6.785156589424e+00
2,2.200000000000e+01,3.801330045125e+00,1.147621636074e+01
3,2.200000000000e+01,2.029641934307e+00,1.498746916446e+02
4,2.100000000000e+01,2.319110073821e+00,4.541114008433e+00
5,2.100000000000e+01,3.192692834040e+00,3.291745971557e+00
mean,,3.128662564821e+00,3.519378491494e+01
var,,7.386189767778e-01,3.295721982448e+03
