protocol,model,roc_auc,pr_auc,brier,p_perm_auc
baseline,L2_harmonic_phi,5.857351872047e-01,4.438050793912e-01,2.568006237868e-01,4.997501249375e-04
baseline,L3_harmonic_phi_dynamic,5.857006543075e-01,4.438067525306e-01,2.568505566418e-01,4.997501249375e-04
shuffle_temporal_order,L2_harmonic_phi,5.857351872047e-01,4.438050793912e-01,2.568006237868e-01,4.997501249375e-04
shuffle_temporal_order,L3_harmonic_phi_dynamic,5.857006543075e-01,4.438031317535e-01,2.568543647630e-01,4.997501249375e-04
phase_randomized_surrogate,L2_harmonic_phi,4.793216103235e-01,3.720074537453e-01,2.488981392359e-01,9.785107446277e-01
phase_randomized_surrogate,L3_harmonic_phi_dynamic,4.793243366049e-01,3.720074633795e-01,2.488879043496e-01,9.780109945027e-01
