target,match_score,best_model,best_lambda,margin_vs_real
real,1.081787909719e+01,M1,1.000000000000e-01,0.000000000000e+00
shuffled,3.791228559186e+01,M1,1.000000000000e-01,2.709440649467e+01
random,4.286879509296e+01,M1,1.000000000000e-01,3.205091599577e+01
