target,metric,score,observed,perm_pvalue
same_group,AUC,S_cos,6.039680603784e-01,9.990009990010e-04
same_group,AUC,S_wcos,5.532801574751e-01,9.990009990010e-04
same_group,AUC,S_dot,6.067447038069e-01,9.990009990010e-04
period_distance,Spearman,S_cos,-4.421658903189e-01,9.990009990010e-04
period_distance,Spearman,S_wcos,-3.795147413265e-01,9.990009990010e-04
period_distance,Spearman,S_dot,-4.839853830869e-01,9.990009990010e-04
