K,mode,roc_auc,p_perm_auc,perm_auc_std,perm_auc_mean,mean_spectral_entropy
15,truncated,5.077562704471e-01,2.268865567216e-01,1.063924079161e-02,4.999258049346e-01,5.544912012215e-01
21,truncated,4.954925481643e-01,6.546726636682e-01,1.049441056776e-02,4.998200715649e-01,6.132351722176e-01
30,truncated,6.133487822610e-01,4.997501249375e-04,1.080059142467e-02,4.996873759542e-01,6.131094877178e-01
37,reference,5.857351872047e-01,4.997501249375e-04,1.077184271653e-02,4.996970949200e-01,6.200582525614e-01
45,noise,5.754989094875e-01,4.997501249375e-04,1.076664212779e-02,4.997232136041e-01,6.602955282345e-01
45,zero,5.857351872047e-01,4.997501249375e-04,1.077184271653e-02,4.996970949200e-01,6.200582525614e-01
60,noise,5.568116139586e-01,4.997501249375e-04,1.061967167727e-02,4.996646180934e-01,6.761524295369e-01
60,zero,5.857351872047e-01,4.997501249375e-04,1.077184271653e-02,4.996970949200e-01,6.200582525614e-01
