ablation,phi37,cond_adj_abs,sync37,entropy37,L1_phi,L2_cond,L3_sync,L4_entropy,failed_laws_count
baseline_M5,4.632220010798e+00,7.367793394468e+00,6.001327836779e-01,2.601017005378e+00,0,0,0,0,0
no_cascade_sigma0,5.198023450349e+00,5.875897294219e-01,5.738219649570e-01,2.994541860654e+00,0,1,0,1,2
no_latent_r0,3.874356557794e+00,3.230462662343e-01,5.688530099511e-01,2.770544601019e+00,1,1,0,0,2
no_long_range_bandlimit,2.175289143158e+00,1.764131348979e+00,5.183611798533e-01,2.307968890535e+00,1,1,0,0,2
no_norm_constraint_proxy,4.434321841900e+00,3.610732333220e+00,5.861627034223e-01,2.470570142754e+00,0,1,0,0,1
