delta,autocorr_full,autocorr_pre_20_30,autocorr_post_31_37,variation_pre_20_30,variation_post_31_37,stability_gain_post_minus_pre
1,7.787388931478e-01,7.641646379681e-01,8.593319889640e-01,5.337186381700e-02,2.126792656084e-02,9.516735099585e-02
2,3.780259938704e-01,3.393466154099e-01,3.242271852900e-01,5.337186381700e-02,2.126792656084e-02,-1.511943011990e-02
3,4.431024390818e-01,4.243508752539e-01,-1.405214806010e-01,5.337186381700e-02,2.126792656084e-02,-5.648723558549e-01
4,5.227995331088e-01,5.145737328692e-01,-1.075832788159e-01,5.337186381700e-02,2.126792656084e-02,-6.221570116852e-01
5,4.958602073212e-01,4.787269121893e-01,6.600353352685e-01,5.337186381700e-02,2.126792656084e-02,1.813084230792e-01
