scenario,n_elements,mean_top10_anova_block,mean_top10_anova_period,mean_top10_periodicity_strength
baseline,108,1.278892154869e+01,2.808692250380e+01,3.516508474501e+44
remove_noble_gases,102,1.105253873746e+01,2.790332038115e+01,3.060938227443e+44
remove_lanthanides,93,1.804469989281e+01,2.279806698012e+01,3.324043355934e+44
