metric,observed,null_mean,null_std,empirical_p_value
mean_top10_anova_block,1.278892154869e+01,1.943435103807e+00,6.759156554417e-01,9.990009990010e-04
mean_top10_anova_period,2.808692250380e+01,2.004983665908e+00,1.036948990333e+00,9.990009990010e-04
periodicity_strength,3.516508474501e+44,3.163378141216e+44,6.043354635368e+43,1.308691308691e-01
