property,model,n_valid,observed_cv_r2,perm_mean_cv_r2,perm_std_cv_r2,p_value,num_permutations
atomic_mass,Z_only,108,9.977959583064e-01,-7.877607147430e-02,5.575484334719e-02,0.000000000000e+00,1000
atomic_mass,Z_plus_layers,108,9.744695146036e-01,-6.611846918516e+01,5.842847152024e+01,0.000000000000e+00,1000
atomic_mass,layers_only,108,-1.530402986493e+00,-6.488803234114e+01,6.095023165240e+01,2.000000000000e-03,1000
