column,missing_count,missing_rate
atomic_mass,0,0.000000000000e+00
atomic_number,0,0.000000000000e+00
atomic_radius,118,1.000000000000e+00
boiling_point,118,1.000000000000e+00
covalent_radius,118,1.000000000000e+00
density,118,1.000000000000e+00
electron_affinity,118,1.000000000000e+00
electronegativity_pauling,118,1.000000000000e+00
ionization_energy_1,118,1.000000000000e+00
melting_point,118,1.000000000000e+00
symbol,0,0.000000000000e+00
vdw_radius,118,1.000000000000e+00
