ablation,roc_auc,pr_auc,acc_best,brier,p_perm_auc,n_pairs
baseline_L7,3.603012540894e-01,3.167767358067e-01,6.048121292024e-01,3.472675027415e-01,1.000000000000e+00,3034
remove_phi_plus,3.714213013450e-01,3.146355557510e-01,6.044825313118e-01,3.523458284826e-01,1.000000000000e+00,3034
remove_phi_minus,4.259092148310e-01,3.417824464752e-01,6.048121292024e-01,3.562459309063e-01,1.000000000000e+00,3034
remove_phi_zero,3.691107778989e-01,3.196674783115e-01,6.048121292024e-01,3.555646286994e-01,1.000000000000e+00,3034
disable_psi_t,3.620083605961e-01,3.170587259153e-01,6.048121292024e-01,3.425767142494e-01,1.000000000000e+00,3034
