{
  "seed": 42,
  "source_feature_table": "data/external/processed/features_37_layers.csv",
  "n_elements": 108,
  "feature_order_input": [
    "b01",
    "b02",
    "b03",
    "b04",
    "b05",
    "b06",
    "b07",
    "b08",
    "b09",
    "b10",
    "b11",
    "b12",
    "b13",
    "b14",
    "b15",
    "b16",
    "b17",
    "b18",
    "b19",
    "b20",
    "b21",
    "b22",
    "b23",
    "b24",
    "b25",
    "b26",
    "b27",
    "b28",
    "b29",
    "b30",
    "b31",
    "b32",
    "b33",
    "b34",
    "b35",
    "b36",
    "b37"
  ],
  "feature_order_output": [
    "b01",
    "b02",
    "b03",
    "b04",
    "b05",
    "b06",
    "b07",
    "b08",
    "b09",
    "b10",
    "b11",
    "b12",
    "b13",
    "b14",
    "b15",
    "b16",
    "b17",
    "b18",
    "b19",
    "b20",
    "b21",
    "b22",
    "b23",
    "b24",
    "b25",
    "b26",
    "b27",
    "b28",
    "b29",
    "b30",
    "b31",
    "b32",
    "b33",
    "b34",
    "b35",
    "b36",
    "b37"
  ],
  "zscore_mean_input": {
    "b01": 665.3888888888889,
    "b02": 185240599462756.0,
    "b03": 3.8757684601100324e+20,
    "b04": 3.8757666077041636e+20,
    "b05": 4.965992032303367e+18,
    "b06": 3.213978170958197e+19,
    "b07": 2.93727738032488,
    "b08": 2183713167.029911,
    "b09": 2174395.274077373,
    "b10": 490401443.5555556,
    "b11": 81.14814814814815,
    "b12": 12824.921296296296,
    "b13": 177475.17592592593,
    "b14": 684120.6435185185,
    "b15": 2752913.4907407407,
    "b16": 0.22899760078825274,
    "b17": 0.439938922053851,
    "b18": 0.22921162530606018,
    "b19": 277.75925925925924,
    "b20": 615572373135132.6,
    "b21": 3999463312147692.5,
    "b22": 3383890939012533.5,
    "b23": 1921467419748424.2,
    "b24": 709567775787888.0,
    "b25": 18811041.21913439,
    "b26": 59395.70312741296,
    "b27": 133407.73609947314,
    "b28": 1396368258596651.0,
    "b29": 1563305117463470.0,
    "b30": 1762202032401430.2,
    "b31": 2099179587454588.2,
    "b32": 2590552801237789.0,
    "b33": 0.37025488358207775,
    "b34": 0.39812737292351386,
    "b35": 0.37050663238331016,
    "b36": 252.44948845656305,
    "b37": 0.6431495405685129
  },
  "zscore_std_input": {
    "b01": 1701.9807133940828,
    "b02": 181795887895318.8,
    "b03": 2.832784795170222e+21,
    "b04": 2.832784806526636e+21,
    "b05": 3.620832489969055e+19,
    "b06": 2.3409154937502735e+20,
    "b07": 1.1062555856555383,
    "b08": 18424855009.01655,
    "b09": 9538776.607392197,
    "b10": 4595113853.826095,
    "b11": 766.5054397479755,
    "b12": 110519.25193132226,
    "b13": 1181121.3621964797,
    "b14": 3215573.1241674265,
    "b15": 10802212.016634913,
    "b16": 0.0807620869438383,
    "b17": 0.15573903091351815,
    "b18": 0.08085634571471131,
    "b19": 235.18026460294357,
    "b20": 854998797735326.0,
    "b21": 6463611186388061.0,
    "b22": 6373221183572002.0,
    "b23": 1396033192188482.8,
    "b24": 1815696013864665.8,
    "b25": 23650288.15034375,
    "b26": 48453.17787248625,
    "b27": 215602.8617100202,
    "b28": 948127600918353.4,
    "b29": 924353315792939.2,
    "b30": 1157545407746178.2,
    "b31": 1813439013964864.0,
    "b32": 3461344397630861.5,
    "b33": 0.28477224882714475,
    "b34": 0.1962602933496993,
    "b35": 0.28467114486770506,
    "b36": 280.5914761546128,
    "b37": 0.4213270851166947
  },
  "ordering": "Z_then_symbol",
  "metadata_columns": [
    "Z",
    "group",
    "period",
    "block"
  ],
  "inventory": {
    "has_Z": 108,
    "has_group": 108,
    "has_period": 108,
    "has_block": 108
  }
}