test,relation,score,n_pos,n_neg,mean_pos,mean_neg,mean_diff,cohen_d,perm_pvalue,status
same_group_period_enrichment,same_group,S_cos,639,5139,2.204513201171e-01,2.378483464689e-02,1.966664854702e-01,4.806061767163e-01,9.990009990010e-04,OK
same_group_period_enrichment,same_group,S_dot,639,5139,3.920808654378e+00,-8.763177135917e-01,4.797126367970e+00,4.308003804318e-01,9.990009990010e-04,OK
same_group_period_enrichment,same_group,S_wdot,639,5139,1.703773670288e+02,-3.097337611195e+01,2.013507431408e+02,4.063282529525e-01,9.990009990010e-04,OK
same_group_period_enrichment,same_period,S_cos,1090,4688,3.541409777411e-01,-2.621907144467e-02,3.803600491858e-01,9.850344277707e-01,9.990009990010e-04,OK
same_group_period_enrichment,same_period,S_dot,1090,4688,6.496036946327e+00,-1.936578556207e+00,8.432615502534e+00,7.850720024479e-01,9.990009990010e-04,OK
same_group_period_enrichment,same_period,S_wdot,1090,4688,4.062095125901e+02,-1.051769221483e+02,5.113864347384e+02,1.117254344007e+00,9.990009990010e-04,OK
cooccurrence_proxy,cooccur_vs_matched_random,ALL,0,0,,,,,,NO_DATA
