category,Fire,Water,Air,Earth
Argent,-1.886617,-1.886617,-1.886617,5.858501
Blanc,5.728312,-1.952834,-1.952834,-1.886617
Bleu,5.728312,-1.952834,-1.952834,-1.886617
Jaune,-1.952834,-1.952834,5.728312,-1.886617
Or,-1.952834,-1.952834,5.728312,-1.886617
Rouge,-1.952834,5.728312,-1.952834,-1.886617
Vert,-1.952834,5.728312,-1.952834,-1.886617
Violet,-1.886617,-1.886617,-1.886617,5.858501
