model,sse,aic,bic,a,alpha,tau,c1,c2,k_break,perm_mean_delta_aic,perm_std_delta_aic,obs_delta_aic,p_value_preference,n_perm
exp_saturation_cumulative,1.891515850822e-03,-6.198832777673e+02,-6.177889332050e+02,,,4.140199576459e+00,,,,4.263233488710e+01,2.719248793776e+01,4.048433866976e+02,9.990009990010e-04,1000
power_law_spectrum,1.558431257385e+00,-2.150398910696e+02,-2.108512019452e+02,4.160111783138e+09,1.139359447153e+01,,,,,4.263233488710e+01,2.719248793776e+01,4.048433866976e+02,9.990009990010e-04,1000
hard_cutoff_k37,7.025613210816e+00,-1.246869236610e+02,-1.204982345365e+02,,,,1.009345794393e+00,0.000000000000e+00,3.700000000000e+01,4.263233488710e+01,2.719248793776e+01,4.048433866976e+02,9.990009990010e-04,1000
