model,roc_auc,pr_auc,brier,p_perm_auc
STATIC_SIGNED,5.857351872047e-01,4.438050793912e-01,2.568006237868e-01,4.997501249375e-04
FULL_DYNAMIC,5.793815885133e-01,4.462246387278e-01,2.659284365302e-01,4.997501249375e-04
STATIC_HARMONIC,3.705334423846e-01,3.087432339209e-01,3.289281431936e-01,1.000000000000e+00
