metric,K,control,n_perm,observed,null_mean,null_std,effect_z,p_value
sync_total,21,shuffle_temporal_order,400,3.458621122197e-01,1.303209861444e-01,1.781665736221e-02,1.209773088708e+01,2.493765586035e-03
sync_total,21,phase_randomized_surrogate,2000,3.458621122197e-01,1.586391954578e-01,7.189756204204e-03,2.604023160791e+01,4.997501249375e-04
sync_total,21,random_matched,400,3.458621122197e-01,2.887800092723e-01,2.368755784911e-02,2.409792656169e+00,2.244389027431e-02
sync_total,37,shuffle_temporal_order,400,3.967300127231e-01,1.430675743816e-01,1.249623142882e-02,2.029911496009e+01,2.493765586035e-03
sync_total,37,phase_randomized_surrogate,2000,3.967300127231e-01,1.617971703106e-01,5.921089805712e-03,3.967729761266e+01,4.997501249375e-04
sync_total,37,random_matched,400,3.967300127231e-01,2.878335423679e-01,1.799356288961e-02,6.051968196809e+00,2.493765586035e-03
