component,explained_variance_ratio_mean,explained_variance_ratio_std
PC1,0.2654441578450428,0.0
PC2,0.21573386664933134,0.0
PC3,0.11026906625681128,0.0
