component,explained_variance_ratio,cumulative_explained_variance_ratio
PC1,0.2654441578450428,0.2654441578450428
PC2,0.21573386664933134,0.4811780244943742
PC3,0.11026906625681128,0.5914470907511855
