layer_feature,pearson_r_mean,abs_pearson_r_mean
levels_count_b21,0.0,0.4935988945528773
levels_energy_sum_b21,0.0,0.49243458834711135
levels_total_count,0.0,0.4747884939184921
lines_count_b21,0.0,0.3834666757023981
levels_count_b22,0.0,0.3326720001194698
levels_energy_sum_b22,0.0,0.32418435859035355
lines_count_b17,0.0,0.3065815258779578
levels_energy_sum_b23,0.0,0.2676326533448671
levels_count_b23,0.0,0.26006498721143323
lines_count_b24,0.0,0.2575444037495735
