{
  "phi_21": 1.1605624855487893,
  "phi_37": 1.378147215552028,
  "cond_21": 0.8701201990094367,
  "cond_37": 0.9068668308507646,
  "sync_21": 0.33254481297325944,
  "sync_37": 0.3948855414609127,
  "entropy_21": 2.2102109628561717,
  "entropy_37": 2.40954379769354,
  "k90_21": 8.0,
  "k90_37": 11.0,
  "kstar": 5.0,
  "kmod": 45.0,
  "anchors": [
    4,
    5,
    7,
    9,
    10,
    14,
    16,
    17,
    19,
    20,
    22,
    23,
    26,
    29,
    30
  ]
}