model_k,observed_block,observed_period,observed_periodicity,p_block,p_period,p_periodicity
37,6.677231024753e+00,2.736796584695e+01,4.987364544765e+07,9.990009990010e-04,9.990009990010e-04,2.367632367632e-01
