component,explained_variance_ratio,cumulative_explained_variance_ratio
PC1,0.5188283038681625,0.5188283038681625
PC2,0.24382533727646055,0.762653641144623
PC3,0.09753666957997897,0.860190310724602
