component,explained_variance_ratio,cumulative_explained_variance_ratio
PC1,0.5889234560287248,0.5889234560287248
PC2,0.27587016198039005,0.8647936180091148
PC3,0.05106601144707157,0.9158596294561864
