component,explained_variance_ratio,cumulative_explained_variance_ratio
PC1,0.5836122431416223,0.5836122431416223
PC2,0.20872054769367834,0.7923327908353006
PC3,0.10507190347069352,0.8974046943059941
