component,explained_variance_ratio_mean,explained_variance_ratio_std
PC1,0.5658584382945798,0.024891191733866214
PC2,0.26171152589814517,0.03142827407656621
PC3,0.07320916700077022,0.02313933146853023
