component,explained_variance_ratio,cumulative_explained_variance_ratio
PC1,0.5658383336336786,0.5658383336336786
PC2,0.2891327875124086,0.8549711211460873
PC3,0.05590219817991367,0.910873319326001
