component,explained_variance_ratio,cumulative_explained_variance_ratio
PC1,0.572089854800711,0.572089854800711
PC2,0.2910087950277882,0.8630986498284992
PC3,0.0564690523261934,0.9195677021546925
