component,explained_variance_ratio
PC1,1.365248622452e-01
PC2,1.223801429118e-01
PC3,1.104947271129e-01
