component,explained_variance_ratio,cumulative_explained_variance_ratio
PC1,0.04551429343773793,0.04551429343773793
PC2,0.044587912962898955,0.09010220640063688
PC3,0.04245110846432379,0.13255331486496066
