{
  "pearson": {
    "pc1": {
      "electronegativity_pauling": {
        "n": 100,
        "r": -0.1856471447535022
      },
      "ionization_energy_1": {
        "n": 104,
        "r": -0.5010209694044438
      },
      "atomic_radius": {
        "n": 86,
        "r": 0.4371425634423158
      },
      "period": {
        "n": 108,
        "r": 0.43842748010526567
      },
      "group": {
        "n": 80,
        "r": -0.05761236614063259
      },
      "atomic_number": {
        "n": 108,
        "r": 0.26933830076971493
      }
    },
    "pc2": {
      "electronegativity_pauling": {
        "n": 100,
        "r": -0.028731997402855574
      },
      "ionization_energy_1": {
        "n": 104,
        "r": 0.26292406227250714
      },
      "atomic_radius": {
        "n": 86,
        "r": -0.08283289829872562
      },
      "period": {
        "n": 108,
        "r": -0.07336541186206476
      },
      "group": {
        "n": 80,
        "r": 0.06685807647071415
      },
      "atomic_number": {
        "n": 108,
        "r": -0.06575663811978048
      }
    },
    "pc3": {
      "electronegativity_pauling": {
        "n": 100,
        "r": -0.28918013756599203
      },
      "ionization_energy_1": {
        "n": 104,
        "r": -0.11962625939487882
      },
      "atomic_radius": {
        "n": 86,
        "r": 0.18736535639218355
      },
      "period": {
        "n": 108,
        "r": -0.18980650612934113
      },
      "group": {
        "n": 80,
        "r": -0.2609217551883514
      },
      "atomic_number": {
        "n": 108,
        "r": -0.24068292312118258
      }
    }
  },
  "spearman": {
    "pc1": {
      "electronegativity_pauling": {
        "n": 100,
        "r": -0.2675733777329301
      },
      "ionization_energy_1": {
        "n": 104,
        "r": -0.37349863577654213
      },
      "atomic_radius": {
        "n": 86,
        "r": 0.6086566827363041
      },
      "period": {
        "n": 108,
        "r": 0.25650563773219076
      },
      "group": {
        "n": 80,
        "r": -0.28108635388942177
      },
      "atomic_number": {
        "n": 108,
        "r": 0.16665237693814028
      }
    },
    "pc2": {
      "electronegativity_pauling": {
        "n": 100,
        "r": -0.1216007909217804
      },
      "ionization_energy_1": {
        "n": 104,
        "r": -0.1570834522963416
      },
      "atomic_radius": {
        "n": 86,
        "r": 0.33642646622738176
      },
      "period": {
        "n": 108,
        "r": 0.042871163439468535
      },
      "group": {
        "n": 80,
        "r": -0.11954125757589978
      },
      "atomic_number": {
        "n": 108,
        "r": -0.03200217318658305
      }
    },
    "pc3": {
      "electronegativity_pauling": {
        "n": 100,
        "r": -0.26497347932935855
      },
      "ionization_energy_1": {
        "n": 104,
        "r": -0.2702149055615904
      },
      "atomic_radius": {
        "n": 86,
        "r": 0.37501592262780786
      },
      "period": {
        "n": 108,
        "r": -0.2188983279210335
      },
      "group": {
        "n": 80,
        "r": -0.2859713404465508
      },
      "atomic_number": {
        "n": 108,
        "r": -0.31189850642543676
      }
    }
  }
}