component,explained_variance_ratio
PC1,2.079231374857e-01
PC2,1.636774216312e-01
PC3,1.105870386007e-01
