component,explained_variance_ratio,cumulative_explained_variance_ratio
PC1,0.5830917103502573,0.5830917103502573
PC2,0.27855099300139596,0.8616427033516533
PC3,0.05453551222169326,0.9161782155733466
