component,explained_variance_ratio
PC1,1.835156677893e-01
PC2,1.489435216872e-01
PC3,1.387113578806e-01
