component,explained_variance_ratio
PC1,1.479030078339e-01
PC2,1.312430489233e-01
PC3,1.204316234826e-01
