component,explained_variance_ratio,cumulative_explained_variance_ratio
PC1,0.3763510287576097,0.3763510287576097
PC2,0.04289651385337647,0.4192475426109861
PC3,0.03977553650234355,0.4590230791133297
