n_bands,pc1_var,pc2_var,pc3_var,best_silhouette,best_k,modularity_knn_block,clustering_coeff_knn,assortativity_block,group_sep_top10_anova,mutual_info_group_cluster,corr_pc1_Z,corr_pc2_Z,corr_umap1_Z,corr_umap2_Z
32,1.479030078339e-01,1.312430489233e-01,1.204316234826e-01,7.408210726150e-01,2,1.475929649845e-01,5.511161778976e-01,2.042147214933e-01,6.406603772441e+00,1.921320624424e-02,2.507229344036e-01,-1.424150436107e-02,-3.797375676577e-01,-1.252879186316e-01
37,1.479006126923e-01,1.274726132440e-01,1.129000900589e-01,7.284358968084e-01,3,1.234460947465e-01,5.395733831839e-01,1.707942952815e-01,6.677231024753e+00,3.905283089240e-02,-2.693383007697e-01,6.575663811978e-02,-1.497811136771e-01,5.099689529692e-01
64,1.365248622452e-01,1.223801429118e-01,1.104947271129e-01,7.248330165056e-01,3,1.457272517054e-01,4.979498142711e-01,2.015182680616e-01,6.821107165659e+00,3.905283089240e-02,-2.745860795210e-01,3.368542866032e-02,-2.913744973543e-01,-8.207752146161e-02
