component,explained_variance_ratio
PC1,1.497513236436e-01
PC2,1.302384062234e-01
PC3,1.018317105977e-01
