component,explained_variance_ratio
PC1,1.479006126923e-01
PC2,1.274726132440e-01
PC3,1.129000900589e-01
