{
  "input": "reports/elements_pcs_atomicprops_merged.csv",
  "seed": 20260220,
  "n_perm": 1000,
  "correlations": {
    "period": {
      "pearson": {
        "n": 108,
        "stat": 0.43842748010526567,
        "p": 2.076869638834489e-06,
        "perm_p": 0.000999000999000999
      },
      "spearman": {
        "n": 108,
        "stat": 0.25650563773219076,
        "p": 0.007369794211052431,
        "perm_p": 0.005994005994005994
      }
    },
    "atomic_number": {
      "pearson": {
        "n": 108,
        "stat": 0.26933830076971504,
        "p": 0.004820916111865695,
        "perm_p": 0.007992007992007992
      },
      "spearman": {
        "n": 108,
        "stat": 0.16665237693814028,
        "p": 0.08473920660379801,
        "perm_p": 0.08491508491508491
      }
    },
    "sqrt_period": {
      "pearson": {
        "n": 108,
        "stat": 0.5001620101384008,
        "p": 3.5571258391130524e-08,
        "perm_p": 0.000999000999000999
      },
      "spearman": {
        "n": 108,
        "stat": 0.25650563773219076,
        "p": 0.007369794211052431,
        "perm_p": 0.008991008991008992
      }
    },
    "log_period": {
      "pearson": {
        "n": 108,
        "stat": 0.5689997613039822,
        "p": 1.3195841862499154e-10,
        "perm_p": 0.000999000999000999
      },
      "spearman": {
        "n": 108,
        "stat": 0.25650563773219076,
        "p": 0.007369794211052431,
        "perm_p": 0.013986013986013986
      }
    },
    "inv_period": {
      "pearson": {
        "n": 108,
        "stat": -0.6984390258684747,
        "p": 4.360522002534319e-17,
        "perm_p": 0.000999000999000999
      },
      "spearman": {
        "n": 108,
        "stat": -0.25650563773219076,
        "p": 0.007369794211052431,
        "perm_p": 0.011988011988011988
      }
    }
  },
  "partial_correlations_residualized": {
    "corr(pc1,period|atomic_number)": {
      "pearson": {
        "n": 108,
        "stat": 0.6268642815221435,
        "p": 3.941331977137522e-13,
        "perm_p": 0.000999000999000999
      },
      "spearman": {
        "n": 108,
        "stat": 0.6201758647956023,
        "p": 8.207336116420303e-13,
        "perm_p": 0.000999000999000999
      }
    },
    "corr(pc1,atomic_number|period)": {
      "pearson": {
        "n": 108,
        "stat": -0.5504758187583926,
        "p": 6.749497824831387e-10,
        "perm_p": 0.000999000999000999
      },
      "spearman": {
        "n": 108,
        "stat": -0.5534513098435938,
        "p": 5.227878040091434e-10,
        "perm_p": 0.000999000999000999
      }
    }
  }
}