component,explained_variance_ratio
PC1,1.445025541371e-01
PC2,1.245823648862e-01
PC3,1.092418620725e-01
