component,explained_variance_ratio,cumulative_explained_variance_ratio
PC1,0.5830917103502576,0.5830917103502576
PC2,0.27855099300139613,0.8616427033516538
PC3,0.0545355122216933,0.9161782155733471
