component,explained_variance_ratio_mean,explained_variance_ratio_std
PC1,0.5830917103502576,0.0
PC2,0.27855099300139613,0.0
PC3,0.0545355122216933,0.0
