component,explained_variance_ratio_mean,explained_variance_ratio_std
PC1,0.583192273543992,0.00036562980215138017
PC2,0.27835138940971793,0.00031180668486831264
PC3,0.05456602808706821,0.00011501119212537586
