component,explained_variance_ratio,cumulative_explained_variance_ratio
PC1,0.5827292509525045,0.5827292509525045
PC2,0.27867196125900706,0.8614012122115116
PC3,0.05450670519979644,0.915907917411308
