component,explained_variance_ratio,cumulative_explained_variance_ratio
PC1,0.5832765607432194,0.5832765607432194
PC2,0.2781275368816028,0.8614040976248223
PC3,0.0546321011361668,0.9160361987609891
