component,explained_variance_ratio,cumulative_explained_variance_ratio
PC1,0.5832652072631324,0.5832652072631324
PC2,0.27873395755878505,0.8619991648219174
PC3,0.054395149191440256,0.9163943140133577
