component,explained_variance_ratio,cumulative_explained_variance_ratio
PC1,0.5829008463205011,0.5829008463205011
PC2,0.2783015141526134,0.8612023604731145
PC3,0.054736365612965285,0.9159387260860797
