component,explained_variance_ratio,cumulative_explained_variance_ratio
PC1,0.5837895024406017,0.5837895024406017
PC2,0.27792197719658146,0.8617114796371832
PC3,0.05455981929497227,0.9162712989321554
